{"cameraMode":{"drawMode":0,"name":"Shaded","section":"Shading Mode"},"sceneLighting":false,"audioPlay":false,"sceneViewState":{"showFog":true,"showMaterialUpdate":false,"showSkybox":false,"showFlares":true,"showImageEffects":true,"showParticleSystems":true},"in2DMode":false,"pivot":{"x":3.71410870552063,"y":7.730679988861084,"z":0.19272322952747346},"rotation":{"x":0.6407797336578369,"y":0.018028423190116884,"z":-0.014948361553251744,"w":0.7674217224121094},"size":4.5552167892456059,"orthographic":false}