{"cameraMode":{"drawMode":0,"name":"Shaded","section":"Shading Mode"},"sceneLighting":false,"audioPlay":false,"sceneViewState":{"showFog":true,"showMaterialUpdate":false,"showSkybox":false,"showFlares":true,"showImageEffects":true,"showParticleSystems":true},"in2DMode":false,"pivot":{"x":1.7453815937042237,"y":-5.299921989440918,"z":3.044072151184082},"rotation":{"x":0.56316739320755,"y":0.007017243187874556,"z":-0.004656205885112286,"w":0.826353907585144},"size":8.336666107177735,"orthographic":false}